Store_ID,Store_Area,Items_Available,Daily_Customer_Count,Store_Sales,sales_per_customer,sales_per_area
1,1659.0,1961.0,530.0,66490.0,125.45283018867924,40.07836045810729
2,1461.0,1752.0,210.0,39820.0,189.61904761904762,27.255304585900067
3,1340.0,1609.0,720.0,54010.0,75.01388888888889,40.30597014925373
4,1451.0,1748.0,620.0,53730.0,86.66129032258064,37.02963473466575
5,1770.0,2111.0,450.0,46620.0,103.6,26.338983050847457
6,1442.0,1733.0,760.0,45260.0,59.55263157894737,31.386962552011095
7,1542.0,1781.9508379888268,1030.0,72240.0,70.13592233009709,46.84824902723735
8,1261.0,1507.0,1020.0,37720.0,36.98039215686274,29.912767644726408
9,1485.8513966480448,1321.0,680.0,46310.0,68.1029411764706,31.167315994366223
10,1030.0,1235.0,1130.0,44150.0,39.07079646017699,42.86407766990291
11,1187.0,1439.0,1090.0,71280.0,65.39449541284404,60.05054759898905
12,1751.0,2098.0,720.0,57620.0,80.02777777777777,32.90691033695031
13,1746.0,2064.0,1050.0,59350.055865921786,56.52386272944932,33.99201366891282
14,1615.0,1931.0,1160.0,59130.0,50.974137931034484,36.61300309597523
15,1469.0,1756.0,786.3687150837989,66360.0,84.38789428815005,45.17358747447243
16,1644.0,1950.0,790.0,78870.0,99.83544303797468,47.97445255474452
17,1578.0,1907.0,1440.0,77250.0,53.645833333333336,48.954372623574145
18,1703.0,2045.0,670.0,38170.0,56.97014925373134,22.413388138578977
19,1438.0,1731.0,1030.0,63540.0,61.689320388349515,44.186369958275385
20,1940.0,2340.0,980.0,40190.0,41.01020408163265,20.716494845360824
21,1421.0,1700.0,370.0,43460.0,117.45945945945945,30.584095707248416
22,1458.0,1746.0,690.0,68890.0,99.84057971014492,47.249657064471876
23,1719.0,2065.0,950.0,52780.0,55.55789473684211,30.70389761489238
24,1449.0,1752.0,620.0,50680.0,81.74193548387096,34.97584541062802
25,1234.0,1488.0,840.0,41880.0,49.857142857142854,33.93841166936791
26,1732.0,2073.0,820.0,70050.0,85.42682926829268,40.4445727482679
27,1475.0,1777.0,1100.0,25820.0,23.472727272727273,17.505084745762712
28,1390.0,1648.0,980.0,60530.0,61.765306122448976,43.54676258992806
29,1642.0,1943.0,710.0,78100.0,110.0,47.56394640682095
30,1715.0,2071.0,650.0,84860.0,130.55384615384617,49.481049562682216
31,1439.0,1746.0,990.0,80140.0,80.94949494949495,55.69145239749826
32,1250.0,1508.0,990.0,14920.0,15.070707070707071,11.936
33,1331.0,1608.0,880.0,60460.0,68.70454545454545,45.42449286250939
34,1784.0,2163.0,620.0,74560.0,120.25806451612904,41.79372197309417
35,1375.0,1648.0,1020.0,72430.0,71.00980392156863,52.67636363636364
36,1871.0,2230.0,700.0,45460.0,64.94285714285714,24.297167290219136
37,1442.0,1744.0,610.0,41570.0,68.14754098360656,28.828016643550622
38,1174.0,1411.0,1080.0,62870.0,58.21296296296296,53.55195911413969
39,1839.0,2204.0,1010.0,55170.0,54.62376237623762,30.0
40,1270.0,1516.0,10.0,45480.0,4548.0,35.811023622047244
41,1435.0,1725.0,1250.0,49550.0,39.64,34.52961672473867
42,965.0,1152.0,600.0,48140.0,80.23333333333333,49.8860103626943
43,1665.0,2001.0,730.0,67640.0,92.65753424657534,40.62462462462462
44,1780.0,2117.0,780.0,39730.0,50.93589743589744,22.320224719101123
45,1009.0,1194.0,520.0,35800.0,68.84615384615384,35.4806739345887
46,1227.0,1471.0,870.0,49270.0,56.632183908045974,40.15484922575387
47,1769.0,2087.0,690.0,66510.0,96.3913043478261,37.597512719050314
48,1660.0,1982.0,910.0,62530.0,68.71428571428571,37.66867469879518
49,1472.0,1776.0,1260.0,59980.0,47.6031746031746,40.74728260869565
50,1408.0,1688.0,1040.0,76350.0,73.41346153846153,54.22585227272727
51,1514.0,1820.0,910.0,81820.0,89.91208791208791,54.04227212681638
52,1565.0,1880.0,1300.0,57830.0,44.48461538461538,36.95207667731629
53,1074.0,1288.0,320.0,70450.0,220.15625,65.59590316573556
54,1864.0,2240.0,530.0,67000.0,126.41509433962264,35.94420600858369
55,1570.0,1898.0,980.0,64090.0,65.39795918367346,40.82165605095541
56,1417.0,1701.0,740.0,48670.0,65.77027027027027,34.347212420606915
57,1734.0,2060.0,1240.0,66210.0,53.395161290322584,38.18339100346021
58,1470.0,1763.0,1080.0,83660.0,77.46296296296296,56.91156462585034
59,1761.0,2104.0,1080.0,70770.0,65.52777777777777,40.18739352640545
60,1756.0,2070.0,460.0,53870.0,117.1086956521739,30.67767653758542
61,1704.0,2045.0,300.0,71300.0,237.66666666666666,41.84272300469483
62,2011.0,2391.0,530.0,46100.0,86.98113207547169,22.92391844853307
63,1472.0,1748.0,600.0,49100.0,81.83333333333333,33.35597826086956
64,1310.0,1561.0,860.0,65920.0,76.65116279069767,50.3206106870229
65,1544.0,1821.0,590.0,58660.0,99.42372881355932,37.99222797927461
66,1707.0,2052.0,920.0,69130.0,75.1413043478261,40.497949619215
67,1881.0,2262.0,570.0,49080.0,86.10526315789474,26.09250398724083
68,1416.0,1681.0,290.0,72710.0,250.72413793103448,51.34887005649718
69,1631.0,1941.0,650.0,33430.0,51.43076923076923,20.49662783568363
70,1318.0,1576.0,710.0,42430.0,59.76056338028169,32.192716236722305
71,1692.0,2019.0,850.0,56650.0,66.6470588235294,33.481087470449175
72,1152.0,1380.0,530.0,33580.0,63.35849056603774,29.149305555555557
73,891.0,1073.0,630.0,67370.0,106.93650793650794,75.61167227833894
74,1468.0,1749.0,700.0,71780.0,102.54285714285714,48.89645776566758
75,1539.0,1833.0,650.0,84840.0,130.52307692307693,55.12670565302144
76,1635.0,1956.0,720.0,82070.0,113.98611111111111,50.19571865443425
77,1267.0,1520.0,450.0,26770.0,59.48888888888889,21.128650355169693
78,1250.0,1475.0,1390.0,65560.0,47.16546762589928,52.448
79,1720.0,2044.0,960.0,38660.0,40.270833333333336,22.476744186046513
80,1462.0,1761.0,600.0,65660.0,109.43333333333334,44.91108071135431
81,1431.0,1711.0,620.0,40700.0,65.64516129032258,28.44164919636618
82,1539.0,1858.0,1020.0,88910.0,87.16666666666667,57.771280051981805
83,1441.0,1723.0,330.0,57860.0,175.33333333333334,40.152671755725194
84,1572.0,1884.0,1410.0,42670.0,30.26241134751773,27.143765903307887
85,1287.0,1525.0,1200.0,90180.0,75.15,70.06993006993007
86,1468.0,1760.0,280.0,51280.0,183.14285714285714,34.93188010899183
87,1931.0,2342.0,940.0,97260.0,103.46808510638297,50.367685137234595
88,1252.0,1506.0,850.0,39650.0,46.64705882352941,31.669329073482427
89,1238.0,1468.0,960.0,45720.0,47.625,36.93053311793215
90,1479.0,1758.0,420.0,42060.0,100.14285714285714,28.43813387423935
91,1590.0,1912.0,830.0,65350.0,78.73493975903614,41.100628930817614
92,2169.0,2617.0,600.0,67080.0,111.8,30.926694329183956
93,1838.0,2205.0,400.0,54030.0,135.075,29.39608269858542
94,1385.0,1655.0,760.0,56360.0,74.15789473684211,40.69314079422383
95,1921.0,2305.0,1470.0,77120.0,52.46258503401361,40.14575741801145
96,1975.0,2385.0,500.0,50810.0,101.62,25.72658227848101
97,1853.0,2235.0,1120.0,60960.0,54.42857142857143,32.89800323799245
98,1816.0,2171.0,1160.0,61180.0,52.741379310344826,33.68942731277533
99,1785.0,2147.0,820.0,63660.0,77.63414634146342,35.66386554621849
100,1579.0,1899.0,1140.0,41190.0,36.13157894736842,26.08613046231792
101,1096.0,1321.0,900.0,78420.0,87.13333333333334,71.55109489051095
102,1919.0,2294.0,760.0,65580.0,86.28947368421052,34.17404898384575
103,1262.0,1500.0,1170.0,89080.0,76.13675213675214,70.5863708399366
104,1374.0,1655.0,1080.0,94170.0,87.19444444444444,68.53711790393012
105,1309.0,1587.0,1000.0,50950.0,50.95,38.92284186401834
106,1207.0,1434.0,690.0,65180.0,94.46376811594203,54.0016570008285
107,1692.0,2031.0,810.0,69310.0,85.5679012345679,40.963356973995275
108,1929.0,2311.0,630.0,79210.0,125.73015873015873,41.06272680145153
109,1573.0,1878.0,650.0,23740.0,36.52307692307692,15.092180546726
110,1415.0,1700.0,920.0,36330.0,39.48913043478261,25.674911660777386
111,1162.0,1382.0,1260.0,51700.0,41.03174603174603,44.49225473321859
112,1485.0,1787.0,800.0,62950.0,78.6875,42.39057239057239
113,1897.0,2248.0,1330.0,56010.0,42.11278195488722,29.52556668423827
114,1607.0,1927.0,940.0,45080.0,47.95744680851064,28.0522713130056
115,1909.0,2287.0,1210.0,46830.0,38.70247933884298,24.53116815086433
116,1274.0,1503.0,660.0,64750.0,98.10606060606061,50.824175824175825
117,1157.0,1379.0,770.0,80780.0,104.9090909090909,69.81849611063095
118,1712.0,2046.0,460.0,31180.0,67.78260869565217,18.212616822429908
119,1500.0,1798.0,860.0,56710.0,65.94186046511628,37.806666666666665
120,1682.0,2017.0,780.0,49390.0,63.32051282051282,29.36385255648038
121,1441.0,1727.0,890.0,66000.0,74.15730337078652,45.80152671755725
122,1525.0,1835.0,900.0,32770.0,36.41111111111111,21.488524590163934
123,1408.0,1669.0,530.0,46580.0,87.88679245283019,33.08238636363637
124,1947.0,2333.0,790.0,79780.0,100.9873417721519,40.975860297894194
125,1164.0,1390.0,370.0,35510.0,95.97297297297297,30.506872852233677
126,1787.0,2137.0,610.0,80970.0,132.7377049180328,45.3105763850028
127,1871.0,2241.0,500.0,61150.0,122.3,32.68305718866916
128,1718.0,2051.0,750.0,49210.0,65.61333333333333,28.643771827706637
129,1365.0,1636.0,980.0,79950.0,81.58163265306122,58.57142857142857
130,1368.0,1654.0,530.0,68740.0,129.69811320754718,50.248538011695906
131,1342.0,1595.0,910.0,57480.0,63.16483516483517,42.831594634873326
132,1076.0,1270.0,620.0,72630.0,117.14516129032258,67.5
133,1396.0,1672.0,1170.0,50070.0,42.794871794871796,35.86676217765043
134,1713.0,2071.0,900.0,40490.0,44.98888888888889,23.636894337419733
135,1370.0,1638.0,980.0,51850.0,52.90816326530612,37.846715328467155
136,1667.0,1993.0,740.0,42840.0,57.891891891891895,25.69886022795441
137,1638.0,1972.0,810.0,60940.0,75.23456790123457,37.20390720390721
138,1581.0,1905.0,810.0,62280.0,76.88888888888889,39.39278937381404
139,1795.0,2187.0,300.0,76530.0,255.1,42.63509749303621
140,1179.0,1412.0,790.0,85130.0,107.75949367088607,72.20525869380832
141,1978.0,2374.0,800.0,48590.0,60.7375,24.565217391304348
142,1688.0,2042.0,760.0,73080.0,96.15789473684211,43.29383886255924
143,1214.0,1456.0,530.0,48950.0,92.35849056603773,40.32125205930807
144,1504.0,1805.0,540.0,48560.0,89.92592592592592,32.287234042553195
145,1498.0,1770.0,620.0,59380.0,95.7741935483871,39.639519359145524
146,1462.0,1762.0,1010.0,51190.0,50.68316831683168,35.01367989056087
147,1442.0,1750.0,130.0,58920.0,453.2307692307692,40.85991678224688
148,1250.0,1486.0,730.0,50360.0,68.98630136986301,40.288
149,1229.0,1480.0,830.0,38070.0,45.86746987951807,30.97640358014646
150,1936.0,2300.0,1060.0,49170.0,46.386792452830186,25.397727272727273
151,1369.0,1629.0,770.0,39740.0,51.61038961038961,29.028487947406866
152,1662.0,1986.0,70.0,63730.0,910.4285714285714,38.3453670276775
153,1548.0,1855.0,670.0,85330.0,127.35820895522389,55.122739018087856
154,1649.0,1963.0,490.0,27410.0,55.93877551020408,16.622195269860523
155,1393.0,1663.0,670.0,37320.0,55.701492537313435,26.791098348887292
156,1450.0,1734.0,380.0,71120.0,187.1578947368421,49.04827586206896
157,1613.0,1921.0,1200.0,72800.0,60.666666666666664,45.13329200247985
158,1408.0,1696.0,350.0,34410.0,98.31428571428572,24.438920454545453
159,775.0,932.0,1090.0,42530.0,39.018348623853214,54.87741935483871
160,1275.0,1534.0,1230.0,54300.0,44.146341463414636,42.588235294117645
161,1740.0,2078.0,680.0,50780.0,74.67647058823529,29.183908045977013
162,1372.0,1657.0,580.0,45020.0,77.62068965517241,32.8134110787172
163,1414.0,1723.0,680.0,69600.0,102.3529411764706,49.222065063649225
164,2044.0,2474.0,340.0,80340.0,236.2941176470588,39.30528375733855
165,1823.0,2176.0,700.0,37810.0,54.01428571428571,20.740537575425122
166,955.0,1133.0,580.0,46140.0,79.55172413793103,48.31413612565445
167,1465.0,1763.0,680.0,99570.0,146.4264705882353,67.96587030716724
168,1331.0,1606.0,630.0,38650.0,61.34920634920635,29.03831705484598
169,1232.0,1487.0,860.0,49800.0,57.906976744186046,40.422077922077925
170,1481.0,1765.0,490.0,69910.0,142.6734693877551,47.204591492234975
171,1343.0,1599.0,870.0,44910.0,51.62068965517241,33.44005956813105
172,1539.0,1837.0,990.0,78470.0,79.26262626262626,50.98765432098765
173,1007.0,1207.0,670.0,47460.0,70.83582089552239,47.130089374379345
174,1762.0,2145.0,490.0,33460.0,68.28571428571429,18.989784335981838
175,1527.0,1832.0,580.0,44090.0,76.01724137931035,28.873608382449248
176,1356.0,1619.0,700.0,42620.0,60.885714285714286,31.430678466076696
177,1536.0,1848.0,670.0,69450.0,103.65671641791045,45.21484375
178,1605.0,1902.0,390.0,73120.0,187.48717948717947,45.557632398753896
179,1704.0,2032.0,590.0,48300.0,81.86440677966101,28.345070422535212
180,1626.0,1941.0,1350.0,58090.0,43.02962962962963,35.72570725707257
181,1612.0,1939.0,840.0,74250.0,88.39285714285714,46.06079404466501
182,1174.0,1396.0,1100.0,40930.0,37.20909090909091,34.863713798977855
183,1923.0,2339.0,950.0,70930.0,74.66315789473684,36.885075403016124
184,1702.0,2053.0,950.0,64670.0,68.07368421052631,37.99647473560517
185,1398.0,1692.0,650.0,77420.0,119.1076923076923,55.379113018598
186,1437.0,1717.0,230.0,32330.0,140.56521739130434,22.498260264439804
187,1524.0,1796.0,1060.0,41080.0,38.75471698113208,26.95538057742782
188,1660.0,1985.0,1180.0,42860.0,36.32203389830509,25.819277108433734
189,1302.0,1569.0,710.0,68450.0,96.40845070422536,52.572964669738866
190,1666.0,2000.0,480.0,39730.0,82.77083333333333,23.84753901560624
191,1391.0,1649.0,810.0,83750.0,103.39506172839506,60.20848310567937
192,1778.0,2148.0,1140.0,69940.0,61.35087719298246,39.336332958380204
193,1462.0,1770.0,1070.0,67710.0,63.2803738317757,46.31326949384405
194,1751.0,2115.0,790.0,67360.0,85.26582278481013,38.46944603083952
195,1652.0,1982.0,690.0,52460.0,76.02898550724638,31.75544794188862
196,1841.0,2215.0,610.0,88760.0,145.50819672131146,48.21292775665399
197,1496.0,1791.0,1240.0,67030.0,54.056451612903224,44.80614973262032
198,1504.0,1827.0,840.0,78230.0,93.13095238095238,52.014627659574465
199,1524.0,1808.0,460.0,62270.0,135.3695652173913,40.85958005249344
200,1148.0,1371.0,940.0,49760.0,52.93617021276596,43.34494773519164
201,1468.0,1744.0,590.0,73660.0,124.84745762711864,50.177111716621255
202,1310.0,1558.0,890.0,72320.0,81.25842696629213,55.20610687022901
203,1321.0,1579.0,770.0,68890.0,89.46753246753246,52.14988644965935
204,992.0,1192.0,900.0,34180.0,37.977777777777774,34.45564516129032
205,1540.0,1857.0,1020.0,58260.0,57.11764705882353,37.83116883116883
206,1807.0,2149.0,910.0,38120.0,41.89010989010989,21.09573879358052
207,1526.0,1853.0,660.0,49070.0,74.34848484848484,32.15596330275229
208,1406.0,1677.0,480.0,61660.0,128.45833333333334,43.85490753911807
209,1703.0,2055.0,1080.0,37830.0,35.02777777777778,22.213740458015266
210,1575.0,1872.0,690.0,52270.0,75.7536231884058,33.18730158730159
211,1309.0,1572.0,510.0,52280.0,102.50980392156863,39.938884644767
212,1488.0,1807.0,1030.0,70810.0,68.74757281553399,47.58736559139785
213,1658.0,1988.0,370.0,71530.0,193.32432432432432,43.142340168878164
214,1863.0,2245.0,640.0,77260.0,120.71875,41.47074610842727
215,1458.0,1725.0,750.0,75550.0,100.73333333333333,51.81755829903978
216,1604.0,1909.0,370.0,33730.0,91.16216216216216,21.028678304239403
217,1575.0,1899.0,840.0,66270.0,78.89285714285714,42.076190476190476
218,1525.0,1829.0,840.0,55820.0,66.45238095238095,36.60327868852459
219,1451.0,1737.0,890.0,68430.0,76.88764044943821,47.1605789110958
220,1390.0,1687.0,620.0,73990.0,119.33870967741936,53.23021582733813
221,1442.0,1742.0,310.0,62800.0,202.58064516129033,43.5506241331484
222,1620.0,1922.0,550.0,33740.0,61.345454545454544,20.82716049382716
223,1251.0,1527.0,380.0,63830.0,167.97368421052633,51.023181454836134
224,1318.0,1606.0,1200.0,24410.0,20.341666666666665,18.520485584218513
225,1647.0,1962.0,800.0,70020.0,87.525,42.513661202185794
226,1829.0,2175.0,870.0,92240.0,106.02298850574712,50.431930016402404
227,1852.0,2227.0,1220.0,68230.0,55.92622950819672,36.841252699784015
228,1699.0,2053.0,1080.0,81870.0,75.80555555555556,48.18716892289582
229,1325.0,1595.0,540.0,73860.0,136.77777777777777,55.74339622641509
230,1350.0,1634.0,880.0,77120.0,87.63636363636364,57.12592592592593
231,1347.0,1628.0,120.0,72350.0,602.9166666666666,53.71195248700817
232,1397.0,1661.0,1410.0,49160.0,34.86524822695036,35.18969219756622
233,1245.0,1499.0,570.0,45650.0,80.08771929824562,36.666666666666664
234,1366.0,1649.0,940.0,52780.0,56.148936170212764,38.63836017569546
235,1378.0,1658.0,760.0,90960.0,119.6842105263158,66.00870827285921
236,1767.0,2110.0,1200.0,64950.0,54.125,36.7572156196944
237,1184.0,1434.0,670.0,47230.0,70.49253731343283,39.8902027027027
238,1257.0,1505.0,950.0,83250.0,87.63157894736842,66.22911694510739
239,1863.0,2247.0,480.0,51950.0,108.22916666666667,27.885131508319915
240,1881.0,2244.0,920.0,66030.0,71.77173913043478,35.103668261563
241,1329.0,1609.0,1150.0,68590.0,59.643478260869564,51.61023325808879
242,1539.0,1848.0,750.0,47140.0,62.85333333333333,30.630279402209226
243,1557.0,1861.0,370.0,69940.0,189.02702702702703,44.91971740526654
244,2007.0,2397.0,610.0,65890.0,108.01639344262296,32.83009466865969
245,1185.0,1418.0,1150.0,89310.0,77.6608695652174,75.36708860759494
246,1657.0,2003.0,1070.0,58540.0,54.71028037383178,35.32890766445383
247,1294.0,1539.0,790.0,78130.0,98.89873417721519,60.37867078825348
248,1296.0,1559.0,1070.0,92300.0,86.26168224299066,71.21913580246914
249,1733.0,2097.0,730.0,56170.0,76.94520547945206,32.41200230813618
250,1641.0,1976.0,620.0,46050.0,74.2741935483871,28.062157221206583
251,1373.0,1648.0,530.0,43390.0,81.86792452830188,31.60233066278223
252,1550.0,1845.0,700.0,61750.0,88.21428571428571,39.83870967741935
253,1583.0,1907.0,680.0,21830.0,32.10294117647059,13.790271636133923
254,1428.0,1719.0,1060.0,39800.0,37.54716981132076,27.871148459383754
255,1604.0,1925.0,670.0,54370.0,81.14925373134328,33.89650872817955
256,1439.0,1735.0,400.0,62470.0,156.175,43.41209173036831
257,1648.0,2003.0,910.0,82930.0,91.13186813186813,50.32160194174757
258,1025.0,1231.0,760.0,63720.0,83.84210526315789,62.165853658536584
259,2001.0,2394.0,540.0,79180.0,146.62962962962962,39.57021489255372
260,1145.0,1370.0,350.0,38210.0,109.17142857142858,33.37117903930131
261,1174.0,1426.0,980.0,25950.0,26.479591836734695,22.103918228279387
262,913.0,1106.0,860.0,56610.0,65.82558139534883,62.004381161007665
263,1199.0,1433.0,1020.0,73710.0,72.26470588235294,61.476230191826524
264,1875.0,2254.0,1120.0,70400.0,62.857142857142854,37.54666666666667
265,1153.0,1397.0,1020.0,50440.0,49.450980392156865,43.74674761491761
266,1240.0,1492.0,940.0,66840.0,71.1063829787234,53.903225806451616
267,1381.0,1660.0,970.0,50170.0,51.72164948453608,36.328747284576394
268,1701.0,2030.0,830.0,60140.0,72.4578313253012,35.355673133450914
269,1206.0,1456.0,920.0,37130.0,40.358695652173914,30.787728026533998
270,1476.0,1777.0,660.0,42890.0,64.98484848484848,29.058265582655828
271,1189.0,1439.0,780.0,26220.0,33.61538461538461,22.05214465937763
272,1837.0,2220.0,340.0,50840.0,149.52941176470588,27.675557974959172
273,1319.0,1571.0,1190.0,25630.0,21.537815126050422,19.431387414708112
274,1617.0,1901.0,490.0,60770.0,124.0204081632653,37.581941867656155
275,1631.0,1967.0,1090.0,69600.0,63.85321100917431,42.67320662170447
276,1517.0,1805.0,1040.0,41740.0,40.13461538461539,27.51483190507581
277,1764.0,2109.0,1210.0,50130.0,41.429752066115704,28.418367346938776
278,1572.0,1869.0,1030.0,21750.0,21.116504854368934,13.835877862595419
279,1855.0,2197.0,1170.0,80490.0,68.7948717948718,43.39083557951483
280,1327.0,1571.0,730.0,34020.0,46.602739726027394,25.63677467972871
281,1270.0,1515.0,720.0,60240.0,83.66666666666667,47.43307086614173
282,1734.0,2073.0,500.0,39460.0,78.92,22.75663206459054
283,1533.0,1848.0,1070.0,56440.0,52.74766355140187,36.81669928245271
284,1390.0,1646.0,800.0,46840.0,58.55,33.697841726618705
285,1856.0,2216.0,1020.0,64820.0,63.549019607843135,34.92456896551724
286,1000.0,1215.0,1070.0,52520.0,49.08411214953271,52.52
287,1313.0,1586.0,420.0,45940.0,109.38095238095238,34.98857578065499
288,1494.0,1799.0,510.0,38970.0,76.41176470588235,26.08433734939759
289,1386.0,1674.0,1210.0,58610.0,48.43801652892562,42.287157287157285
290,1979.0,2364.0,660.0,30810.0,46.68181818181818,15.568468923698838
291,1057.0,1264.0,360.0,47730.0,132.58333333333334,45.15610217596973
292,902.0,1093.0,1210.0,64640.0,53.421487603305785,71.66297117516629
293,1347.0,1622.0,560.0,44860.0,80.10714285714286,33.30363771343727
294,1314.0,1576.0,360.0,55660.0,154.61111111111111,42.35920852359209
295,1513.0,1803.0,970.0,57530.0,59.30927835051546,38.023793787177794
296,1305.0,1548.0,480.0,75200.0,156.66666666666666,57.62452107279694
297,1180.0,1436.0,690.0,37330.0,54.10144927536232,31.635593220338983
298,1142.0,1352.0,710.0,35280.0,49.690140845070424,30.893169877408056
299,1471.0,1768.0,780.0,70610.0,90.52564102564102,48.00135961930659
300,1075.0,1288.0,630.0,49720.0,78.92063492063492,46.25116279069768
301,1578.0,1885.0,220.0,68850.0,312.95454545454544,43.631178707224336
302,1585.0,1916.0,1110.0,50740.0,45.711711711711715,32.01261829652997
303,1391.0,1648.0,720.0,77070.0,107.04166666666667,55.40618260244428
304,1577.0,1892.0,560.0,74730.0,133.44642857142858,47.38744451490171
305,1092.0,1314.0,600.0,76530.0,127.55,70.08241758241758
306,1375.0,1681.0,440.0,68900.0,156.5909090909091,50.10909090909091
307,1523.0,1813.0,520.0,44960.0,86.46153846153847,29.520682862770848
308,1373.0,1654.0,410.0,41490.0,101.1951219512195,30.21849963583394
309,1550.0,1871.0,590.0,74320.0,125.96610169491525,47.94838709677419
310,1614.0,1946.0,740.0,73800.0,99.72972972972973,45.72490706319702
311,1566.0,1889.0,610.0,56400.0,92.45901639344262,36.015325670498086
312,2019.0,2396.0,540.0,71570.0,132.53703703703704,35.44824170381377
313,1494.0,1806.0,1450.0,43640.0,30.09655172413793,29.21017402945114
314,1659.0,2008.0,620.0,35120.0,56.645161290322584,21.169379144062688
315,1766.0,2131.0,340.0,58670.0,172.55882352941177,33.221970554926386
316,1293.0,1554.0,970.0,75800.0,78.14432989690722,58.62335653518948
317,1375.0,1659.0,1080.0,76640.0,70.96296296296296,55.738181818181815
318,1236.0,1484.0,560.0,31890.0,56.94642857142857,25.800970873786408
319,1332.0,1586.0,630.0,61670.0,97.88888888888889,46.2987987987988
320,1513.0,1825.0,980.0,75950.0,77.5,50.19828155981494
321,1208.0,1459.0,930.0,41490.0,44.61290322580645,34.34602649006622
322,1190.0,1429.0,470.0,66170.0,140.7872340425532,55.60504201680672
323,1448.0,1734.0,680.0,37980.0,55.85294117647059,26.2292817679558
324,1771.0,2147.0,430.0,62710.0,145.8372093023256,35.409373235460194
325,1365.0,1645.0,830.0,60470.0,72.855421686747,44.3003663003663
326,1510.0,1810.0,950.0,35230.0,37.084210526315786,23.33112582781457
327,1458.0,1736.0,870.0,48550.0,55.804597701149426,33.29903978052126
328,1808.0,2157.0,730.0,56810.0,77.82191780821918,31.42146017699115
329,1615.0,1954.0,760.0,41080.0,54.05263157894737,25.436532507739937
330,1640.0,1948.0,960.0,51270.0,53.40625,31.26219512195122
331,1060.0,1273.0,860.0,57500.0,66.86046511627907,54.24528301886792
332,1633.0,1968.0,330.0,81470.0,246.87878787878788,49.88977342314758
333,1222.0,1473.0,630.0,49570.0,78.68253968253968,40.56464811783961
334,1619.0,1957.0,1280.0,45580.0,35.609375,28.153180975911056
335,1624.0,1973.0,1440.0,44660.0,31.01388888888889,27.5
336,1887.0,2278.0,570.0,76240.0,133.75438596491227,40.40275569687334
337,1320.0,1583.0,540.0,43720.0,80.96296296296296,33.121212121212125
338,1450.0,1750.0,480.0,46700.0,97.29166666666667,32.206896551724135
339,1455.0,1764.0,390.0,84690.0,217.15384615384616,58.20618556701031
340,966.0,1172.0,900.0,85470.0,94.96666666666667,88.47826086956522
341,1922.0,2290.0,290.0,80410.0,277.2758620689655,41.8366285119667
342,1678.0,1999.0,740.0,46650.0,63.04054054054054,27.800953516090583
343,1638.0,1952.0,690.0,81840.0,118.6086956521739,49.96336996336996
344,1145.0,1375.0,950.0,63590.0,66.93684210526315,55.53711790393013
345,2004.0,2390.0,930.0,50130.0,53.903225806451616,25.01497005988024
346,1954.0,2378.0,810.0,45820.0,56.5679012345679,23.44933469805527
347,1577.0,1879.0,760.0,86710.0,114.09210526315789,54.98414711477489
348,1766.0,2138.0,580.0,49980.0,86.17241379310344,28.301245753114383
349,1362.0,1634.0,770.0,82940.0,107.71428571428571,60.89574155653451
350,1886.0,2228.0,1530.0,40350.0,26.372549019607842,21.394485683987273
351,1291.0,1546.0,420.0,93950.0,223.6904761904762,72.7730441518203
352,1584.0,1897.0,1210.0,47310.0,39.099173553719005,29.867424242424242
353,1397.0,1686.0,850.0,21300.0,25.058823529411764,15.246957766642806
354,1445.0,1709.0,1340.0,62180.0,46.40298507462686,43.03114186851211
355,1433.0,1707.0,1160.0,61460.0,52.98275862068966,42.88904396371249
356,1269.0,1511.0,500.0,54360.0,108.72,42.836879432624116
357,1798.0,2134.0,820.0,72050.0,87.86585365853658,40.07230255839822
358,1514.0,1822.0,670.0,48090.0,71.77611940298507,31.76354029062087
359,1015.0,1216.0,460.0,27310.0,59.369565217391305,26.9064039408867
360,1495.0,1799.0,950.0,57160.0,60.16842105263158,38.23411371237458
361,1759.0,2095.0,980.0,34190.0,34.88775510204081,19.437180216031837
362,1219.0,1468.0,850.0,35600.0,41.88235294117647,29.204265791632487
363,1571.0,1877.0,580.0,54670.0,94.25862068965517,34.799490770210056
364,1404.0,1670.0,620.0,76730.0,123.75806451612904,54.65099715099715
365,1124.0,1369.0,650.0,63540.0,97.75384615384615,56.530249110320284
366,1514.0,1837.0,1130.0,36690.0,32.469026548672566,24.233817701453106
367,1207.0,1476.0,720.0,87370.0,121.34722222222223,72.3860811930406
368,1484.0,1774.0,940.0,59800.0,63.61702127659574,40.296495956873315
369,1398.0,1678.0,920.0,48030.0,52.20652173913044,34.35622317596567
370,1769.0,2112.0,660.0,96650.0,146.43939393939394,54.635387224420576
371,1111.0,1322.0,610.0,65500.0,107.37704918032787,58.955895589558956
372,1078.0,1305.0,1190.0,55530.0,46.66386554621849,51.51205936920223
373,1876.0,2254.0,1340.0,21650.0,16.15671641791045,11.540511727078892
374,1909.0,2306.0,820.0,31940.0,38.951219512195124,16.731272917757988
375,1940.0,2343.0,1130.0,84690.0,74.94690265486726,43.654639175257735
376,1391.0,1683.0,890.0,68390.0,76.84269662921348,49.16606757728253
377,1496.0,1774.0,810.0,75490.0,93.19753086419753,50.461229946524064
378,1412.0,1699.0,680.0,39200.0,57.64705882352941,27.762039660056658
379,1121.0,1345.0,320.0,85670.0,267.71875,76.4228367528992
380,1691.0,2026.0,700.0,60530.0,86.47142857142858,35.79538734476641
381,1599.0,1946.0,940.0,78090.0,83.07446808510639,48.83677298311444
382,1208.0,1467.0,910.0,50720.0,55.73626373626374,41.98675496688742
383,1454.0,1737.0,870.0,23090.0,26.54022988505747,15.880330123796425
384,1555.0,1881.0,1260.0,91360.0,72.5079365079365,58.752411575562704
385,1554.0,1852.0,440.0,48120.0,109.36363636363636,30.965250965250966
386,1491.0,1800.0,980.0,75620.0,77.16326530612245,50.717639168343396
387,1415.0,1697.0,1200.0,39420.0,32.85,27.858657243816253
388,1487.0,1801.0,890.0,51130.0,57.449438202247194,34.38466711499664
389,1339.0,1589.0,1050.0,33890.0,32.27619047619048,25.30993278566094
390,1320.0,1562.0,610.0,87170.0,142.9016393442623,66.03787878787878
391,1509.0,1799.0,960.0,38600.0,40.208333333333336,25.579854208084825
392,1406.0,1680.0,860.0,60980.0,70.90697674418605,43.37126600284495
393,1264.0,1502.0,800.0,79410.0,99.2625,62.824367088607595
394,1905.0,2280.0,1060.0,82350.0,77.68867924528301,43.22834645669291
395,1209.0,1464.0,600.0,36740.0,61.233333333333334,30.388751033912325
396,1546.0,1829.0,380.0,27720.0,72.94736842105263,17.93014230271669
397,1689.0,2044.0,1140.0,32260.0,28.29824561403509,19.100059206631144
398,1153.0,1381.0,730.0,53270.0,72.97260273972603,46.20121422376409
399,2063.0,2493.0,810.0,51480.0,63.55555555555556,24.95395055744062
400,1848.0,2254.0,1000.0,59970.0,59.97,32.451298701298704
401,1718.0,2056.0,1220.0,83600.0,68.52459016393442,48.66123399301513
402,1480.0,1773.0,360.0,63020.0,175.05555555555554,42.58108108108108
403,1439.0,1724.0,900.0,50920.0,56.577777777777776,35.38568450312717
404,1576.0,1896.0,750.0,56450.0,75.26666666666667,35.818527918781726
405,1948.0,2374.0,930.0,89540.0,96.27956989247312,45.965092402464066
406,1613.0,1893.0,1180.0,46030.0,39.00847457627118,28.536887786732795
407,896.0,1059.0,870.0,75110.0,86.33333333333333,83.828125
408,1625.0,1943.0,680.0,74520.0,109.58823529411765,45.85846153846154
409,1303.0,1587.0,1310.0,102310.0,78.09923664122137,78.51880276285495
410,1340.0,1605.0,1000.0,53400.0,53.4,39.850746268656714
411,1410.0,1704.0,1130.0,59760.0,52.88495575221239,42.38297872340426
412,1432.0,1719.0,990.0,49540.0,50.04040404040404,34.59497206703911
413,1891.0,2280.0,360.0,51560.0,143.22222222222223,27.26599682707562
414,1322.0,1583.0,720.0,49510.0,68.76388888888889,37.450832072617246
415,1378.0,1670.0,950.0,58610.0,61.694736842105264,42.53265602322206
416,1462.0,1732.0,840.0,68260.0,81.26190476190476,46.689466484268124
417,1440.0,1733.0,1120.0,65310.0,58.3125,45.354166666666664
418,1421.0,1724.0,920.0,52090.0,56.619565217391305,36.65728360309641
419,1280.0,1530.0,1240.0,43860.0,35.37096774193548,34.265625
420,1431.0,1710.0,840.0,74170.0,88.29761904761905,51.830887491264846
421,1161.0,1404.0,430.0,58380.0,135.7674418604651,50.28423772609819
422,1175.0,1405.0,810.0,91200.0,112.5925925925926,77.61702127659575
423,1395.0,1662.0,920.0,90940.0,98.84782608695652,65.18996415770609
424,1443.0,1755.0,880.0,49330.0,56.05681818181818,34.18572418572418
425,1247.0,1523.0,1350.0,53500.0,39.629629629629626,42.90296712109062
426,1788.0,2133.0,1000.0,54590.0,54.59,30.53131991051454
427,1138.0,1375.0,1220.0,57450.0,47.09016393442623,50.48330404217926
428,1709.0,2042.0,430.0,33240.0,77.30232558139535,19.449970743124634
429,1777.0,2145.0,520.0,80790.0,155.3653846153846,45.46426561620709
430,1612.0,1918.0,580.0,61000.0,105.17241379310344,37.84119106699752
431,1618.0,1943.0,460.0,47620.0,103.52173913043478,29.431396786155748
432,1311.0,1571.0,470.0,72090.0,153.38297872340425,54.98855835240275
433,1365.0,1638.0,680.0,102920.0,151.35294117647058,75.3992673992674
434,1249.0,1503.0,950.0,61970.0,65.23157894736842,49.615692554043235
435,1373.0,1635.0,840.0,61040.0,72.66666666666667,44.457392571012385
436,1536.0,1836.0,990.0,52060.0,52.58585858585859,33.893229166666664
437,1744.0,2101.0,520.0,69570.0,133.78846153846155,39.89105504587156
438,1513.0,1820.0,520.0,66020.0,126.96153846153847,43.635161929940516
439,1297.0,1561.0,1070.0,40000.0,37.38317757009346,30.840400925212027
440,1908.0,2304.0,990.0,79500.0,80.3030303030303,41.666666666666664
441,1721.0,2076.0,710.0,76300.0,107.46478873239437,44.33468913422429
442,1243.0,1491.0,430.0,69030.0,160.53488372093022,55.534995977473855
443,1472.0,1766.0,1290.0,57140.0,44.29457364341085,38.817934782608695
444,1307.0,1570.0,1080.0,41710.0,38.620370370370374,31.912777352716144
445,1628.0,1959.0,890.0,71480.0,80.31460674157303,43.90663390663391
446,1556.0,1869.0,1000.0,33010.0,33.01,21.2146529562982
447,1179.0,1428.0,1290.0,74570.0,57.8062015503876,63.24851569126378
448,1768.0,2123.0,860.0,49590.0,57.66279069767442,28.04864253393665
449,1378.0,1656.0,1010.0,73170.0,72.44554455445545,53.09869375907112
450,1685.0,2015.0,1160.0,79220.0,68.29310344827586,47.01483679525222
451,1474.0,1759.0,880.0,75880.0,86.22727272727273,51.47896879240163
452,1794.0,2137.0,670.0,67610.0,100.91044776119404,37.686733556298776
453,1086.0,1291.0,930.0,69090.0,74.29032258064517,63.61878453038674
454,1808.0,2154.0,990.0,35220.0,35.57575757575758,19.48008849557522
455,1501.0,1790.0,450.0,53940.0,119.86666666666666,35.936042638241176
456,1353.0,1598.0,690.0,56660.0,82.1159420289855,41.87730968218773
457,1455.0,1757.0,650.0,67520.0,103.87692307692308,46.40549828178694
458,1165.0,1411.0,1020.0,38620.0,37.86274509803921,33.15021459227468
459,1332.0,1610.0,880.0,38890.0,44.19318181818182,29.196696696696698
460,1396.0,1668.0,760.0,79270.0,104.30263157894737,56.7836676217765
461,1513.0,1821.0,690.0,42880.0,62.14492753623188,28.341044282881693
462,1618.0,1940.0,630.0,44240.0,70.22222222222223,27.34239802224969
463,1845.0,2233.0,370.0,43190.0,116.72972972972973,23.40921409214092
464,1172.0,1411.0,460.0,74550.0,162.06521739130434,63.60921501706485
465,1436.0,1737.0,770.0,57090.0,74.14285714285714,39.75626740947075
466,1738.0,2065.0,750.0,56480.0,75.30666666666667,32.497123130034524
467,2229.0,2667.0,660.0,87410.0,132.43939393939394,39.214894571556755
468,1490.0,1783.0,730.0,81370.0,111.46575342465754,54.61073825503356
469,1060.0,1279.0,670.0,97360.0,145.3134328358209,91.84905660377359
470,2015.0,2436.0,680.0,77960.0,114.6470588235294,38.68982630272953
471,1611.0,1919.0,960.0,71240.0,74.20833333333333,44.22098075729361
472,1187.0,1417.0,1230.0,58940.0,47.91869918699187,49.654591406908175
473,1430.0,1690.0,800.0,78950.0,98.6875,55.20979020979021
474,1543.0,1840.0,450.0,36380.0,80.84444444444445,23.57744653272845
475,1836.0,2195.0,940.0,45160.0,48.04255319148936,24.59694989106754
476,1463.0,1764.0,1060.0,69050.0,65.14150943396227,47.19753930280246
477,1213.0,1462.0,560.0,56830.0,101.48214285714286,46.85078318219291
478,1244.0,1480.0,860.0,93530.0,108.75581395348837,75.18488745980707
479,1745.0,2108.0,730.0,46920.0,64.27397260273973,26.888252148997136
480,933.0,1121.0,940.0,55990.0,59.56382978723404,60.01071811361201
481,1764.0,2132.0,920.0,40840.0,44.391304347826086,23.151927437641724
482,1675.0,2002.0,1050.0,64990.0,61.89523809523809,38.8
483,1688.0,2046.0,380.0,53550.0,140.92105263157896,31.723933649289098
484,1842.0,2204.0,930.0,51320.0,55.18279569892473,27.86102062975027
485,1316.0,1597.0,980.0,36560.0,37.30612244897959,27.78115501519757
486,1440.0,1719.0,580.0,66050.0,113.87931034482759,45.86805555555556
487,1760.0,2111.0,680.0,52400.0,77.05882352941177,29.772727272727273
488,1323.0,1571.0,850.0,27970.0,32.90588235294118,21.14134542705971
489,1230.0,1466.0,730.0,67100.0,91.91780821917808,54.552845528455286
490,1540.0,1838.0,570.0,43710.0,76.6842105263158,28.383116883116884
491,1167.0,1388.0,620.0,38600.0,62.25806451612903,33.07626392459297
492,1429.0,1695.0,890.0,53890.0,60.550561797752806,37.71168649405178
493,1491.0,1770.0,800.0,52610.0,65.7625,35.28504359490275
494,1313.0,1574.0,920.0,43130.0,46.880434782608695,32.848438690022846
495,1609.0,1943.0,920.0,40300.0,43.80434782608695,25.04661280298322
496,1109.0,1342.0,760.0,49750.0,65.46052631578948,44.860234445446345
497,1207.0,1440.0,500.0,43840.0,87.68,36.32145816072908
498,902.0,1087.0,680.0,56820.0,83.55882352941177,62.993348115299334
499,1191.0,1422.0,770.0,36350.0,47.20779220779221,30.520570948782535
500,1335.0,1601.0,460.0,50820.0,110.47826086956522,38.06741573033708
501,1382.0,1660.0,1070.0,83720.0,78.24299065420561,60.578871201157746
502,1588.0,1906.0,450.0,46970.0,104.37777777777778,29.57808564231738
503,1918.0,2284.0,310.0,78020.0,251.67741935483872,40.67778936392075
504,1484.0,1774.0,880.0,45080.0,51.22727272727273,30.37735849056604
505,1334.0,1607.0,370.0,55160.0,149.0810810810811,41.34932533733134
506,1556.0,1846.0,760.0,72020.0,94.76315789473684,46.2853470437018
507,1784.0,2142.0,950.0,64010.0,67.37894736842105,35.880044843049326
508,1244.0,1477.0,890.0,27840.0,31.280898876404493,22.379421221864952
509,1496.0,1787.0,800.0,58070.0,72.5875,38.8168449197861
510,1719.0,2058.0,700.0,51760.0,73.94285714285714,30.110529377545085
511,1678.0,2022.0,1050.0,66050.0,62.904761904761905,39.36233611442193
512,1247.0,1490.0,330.0,65750.0,199.24242424242425,52.72654370489174
513,1191.0,1421.0,980.0,65820.0,67.16326530612245,55.26448362720403
514,1832.0,2208.0,1090.0,46760.0,42.89908256880734,25.524017467248907
515,1271.0,1523.0,1140.0,50940.0,44.68421052631579,40.0786782061369
516,1735.0,2084.0,820.0,56440.0,68.82926829268293,32.53025936599423
517,1627.0,1948.0,890.0,32610.0,36.640449438202246,20.04302397049785
518,1351.0,1616.0,650.0,62770.0,96.56923076923077,46.461880088823094
519,1520.0,1817.0,850.0,63600.0,74.82352941176471,41.8421052631579
520,1490.0,1788.0,360.0,45840.0,127.33333333333333,30.76510067114094
521,1777.0,2117.0,780.0,38280.0,49.07692307692308,21.541924592009003
522,1688.0,2037.0,590.0,50960.0,86.37288135593221,30.18957345971564
523,1537.0,1836.0,670.0,39480.0,58.92537313432836,25.686402081977878
524,1622.0,1968.0,340.0,69610.0,204.73529411764707,42.91615289765721
525,1148.0,1384.0,730.0,47800.0,65.47945205479452,41.637630662020904
526,1001.0,1194.0,1210.0,44890.0,37.099173553719005,44.845154845154845
527,1857.0,2236.0,1280.0,67420.0,52.671875,36.30586968228325
528,1552.0,1869.0,710.0,78870.0,111.08450704225352,50.81829896907217
529,1700.0,2064.0,940.0,70310.0,74.79787234042553,41.358823529411765
530,1554.0,1844.0,670.0,38530.0,57.507462686567166,24.794079794079796
531,1482.0,1777.0,800.0,77570.0,96.9625,52.341430499325234
532,1275.0,1517.0,790.0,59920.0,75.84810126582279,46.996078431372545
533,1642.0,1981.0,720.0,54450.0,75.625,33.160779537149814
534,1381.0,1633.0,1270.0,50250.0,39.56692913385827,36.38667632150616
535,1381.0,1634.0,930.0,30790.0,33.10752688172043,22.295438088341783
536,1057.0,1262.0,1490.0,35420.0,23.77181208053691,33.50993377483444
537,1192.0,1445.0,810.0,43470.0,53.666666666666664,36.468120805369125
538,1601.0,1920.0,600.0,61000.0,101.66666666666667,38.10118675827608
539,1622.0,1968.0,210.0,64780.0,308.4761904761905,39.9383477188656
540,1607.0,1909.0,460.0,39030.0,84.84782608695652,24.2874922215308
541,2214.0,2647.0,740.0,65900.0,89.05405405405405,29.76513098464318
542,1633.0,1936.0,1320.0,46050.0,34.88636363636363,28.199632578077157
543,1546.0,1845.0,760.0,59070.0,77.72368421052632,38.20827943078913
544,1475.0,1753.0,920.0,44670.0,48.55434782608695,30.284745762711864
545,1270.0,1519.0,920.0,58390.0,63.46739130434783,45.976377952755904
546,1185.0,1420.0,880.0,80370.0,91.32954545454545,67.82278481012658
547,1614.0,1938.0,1110.0,53230.0,47.95495495495496,32.98017348203222
548,1141.0,1353.0,1370.0,72000.0,52.55474452554745,63.10254163014899
549,1244.0,1481.0,410.0,84040.0,204.97560975609755,67.55627009646302
550,869.0,1050.0,850.0,52540.0,61.811764705882354,60.46029919447641
551,2049.0,2465.0,720.0,63510.0,88.20833333333333,30.995607613469986
552,1883.0,2262.0,570.0,42240.0,74.10526315789474,22.432288900690388
553,1526.0,1842.0,690.0,39580.0,57.36231884057971,25.937090432503275
554,1165.0,1390.0,1220.0,54610.0,44.76229508196721,46.8755364806867
555,1832.0,2185.0,840.0,87330.0,103.96428571428571,47.669213973799124
556,1723.0,2072.0,560.0,88410.0,157.875,51.311665699361576
557,932.0,1138.0,820.0,89760.0,109.46341463414635,96.30901287553648
558,1137.0,1374.0,700.0,101780.0,145.4,89.51627088830256
559,1231.0,1472.0,810.0,70290.0,86.77777777777777,57.09991876523152
560,1237.0,1512.0,1070.0,88210.0,82.4392523364486,71.30962004850444
561,1371.0,1650.0,540.0,87160.0,161.40740740740742,63.57403355215171
562,1767.0,2158.0,530.0,41540.0,78.37735849056604,23.50877192982456
563,1748.0,2092.0,580.0,49170.0,84.77586206896552,28.12929061784897
564,1212.0,1440.0,500.0,63950.0,127.9,52.76402640264026
565,1466.0,1743.0,1200.0,70810.0,59.00833333333333,48.30150068212824
566,1152.0,1386.0,980.0,49590.0,50.60204081632653,43.046875
567,1439.0,1703.0,1000.0,67290.0,67.29,46.76164002779708
568,2026.0,2400.0,720.0,51240.0,71.16666666666667,25.29121421520237
569,1772.0,2146.0,1030.0,48540.0,47.12621359223301,27.392776523702032
570,1511.0,1822.0,420.0,72410.0,172.4047619047619,47.92190602250165
571,1199.0,1461.0,1070.0,54370.0,50.81308411214953,45.346121768140115
572,1834.0,2184.0,830.0,94460.0,113.80722891566265,51.50490730643402
573,1143.0,1375.0,940.0,85160.0,90.59574468085107,74.50568678915135
574,1494.0,1794.0,550.0,52130.0,94.78181818181818,34.892904953145916
575,1770.0,2131.0,1140.0,54650.0,47.93859649122807,30.875706214689266
576,1455.0,1747.0,750.0,69320.0,92.42666666666666,47.6426116838488
577,1141.0,1372.0,620.0,51480.0,83.03225806451613,45.11831726555653
578,1586.0,1886.0,660.0,50060.0,75.84848484848484,31.563682219419924
579,1701.0,2034.0,660.0,62180.0,94.21212121212122,36.554967666078774
580,1860.0,2246.0,410.0,79780.0,194.58536585365854,42.89247311827957
581,1167.0,1406.0,440.0,42860.0,97.4090909090909,36.72664952870608
582,1424.0,1716.0,630.0,54410.0,86.36507936507937,38.20926966292135
583,1710.0,2053.0,730.0,69390.0,95.05479452054794,40.578947368421055
584,1408.0,1708.0,220.0,42810.0,194.5909090909091,30.404829545454547
585,1517.0,1831.0,610.0,30840.0,50.557377049180324,20.3295978905735
586,1227.0,1476.0,720.0,56260.0,78.13888888888889,45.851670741646295
587,1609.0,1930.0,740.0,76470.0,103.33783783783784,47.52641392169049
588,1553.0,1831.0,740.0,35680.0,48.21621621621622,22.974887314874437
589,1814.0,2174.0,770.0,90070.0,116.97402597402598,49.65270121278942
590,1240.0,1493.0,590.0,33120.0,56.13559322033898,26.70967741935484
591,1206.0,1437.0,1330.0,54060.0,40.64661654135338,44.82587064676617
592,1847.0,2186.0,910.0,75120.0,82.54945054945055,40.67135896047645
593,1009.0,1202.0,330.0,41600.0,126.06060606060606,41.22893954410307
594,1624.0,1946.0,870.0,20270.0,23.298850574712645,12.481527093596059
595,1612.0,1931.0,790.0,60060.0,76.0253164556962,37.25806451612903
596,1498.0,1805.0,1270.0,82270.0,64.77952755905511,54.91989319092123
597,946.0,1125.0,590.0,29170.0,49.440677966101696,30.83509513742072
598,1563.0,1872.0,1080.0,68420.0,63.351851851851855,43.77479206653871
599,1664.0,2016.0,830.0,59130.0,71.24096385542168,35.53485576923077
600,1619.0,1947.0,910.0,74330.0,81.68131868131869,45.911056207535516
601,1433.0,1722.0,830.0,77080.0,92.86746987951807,53.789253314724355
602,1241.0,1489.0,1380.0,76250.0,55.2536231884058,61.44238517324738
603,1429.0,1720.0,1180.0,59540.0,50.45762711864407,41.665500349895034
604,1241.0,1488.0,770.0,54690.0,71.02597402597402,44.06929895245769
605,1078.0,1306.0,680.0,84360.0,124.05882352941177,78.25602968460112
606,1690.0,2065.0,910.0,51420.0,56.505494505494504,30.42603550295858
607,1289.0,1536.0,540.0,65120.0,120.5925925925926,50.519782777346784
608,1581.0,1894.0,760.0,49380.0,64.97368421052632,31.23339658444023
609,1608.0,1945.0,760.0,37830.0,49.776315789473685,23.526119402985074
610,1344.0,1608.0,730.0,35980.0,49.28767123287671,26.770833333333332
611,1513.0,1804.0,430.0,69190.0,160.90697674418604,45.73033707865169
612,1529.0,1839.0,1000.0,50590.0,50.59,33.08698495748855
613,1677.0,2014.0,660.0,60800.0,92.12121212121212,36.255217650566486
614,1015.0,1229.0,930.0,31180.0,33.526881720430104,30.7192118226601
615,1438.0,1751.0,760.0,77790.0,102.35526315789474,54.09596662030598
616,1426.0,1718.0,370.0,47570.0,128.56756756756758,33.35904628330996
617,1412.0,1701.0,630.0,69130.0,109.73015873015873,48.95892351274787
618,1622.0,1944.0,360.0,75970.0,211.02777777777777,46.83723797780518
619,1503.0,1791.0,630.0,68350.0,108.4920634920635,45.475715236194276
620,1501.0,1789.0,670.0,41680.0,62.208955223880594,27.76815456362425
621,1971.0,2342.0,690.0,86560.0,125.44927536231884,43.916793505834605
622,1383.0,1687.0,830.0,81390.0,98.06024096385542,58.850325379609544
623,1371.0,1635.0,720.0,50730.0,70.45833333333333,37.00218818380744
624,1508.0,1823.0,520.0,71290.0,137.09615384615384,47.274535809018566
625,1057.0,1284.0,750.0,70110.0,93.48,66.32923368022706
626,1411.0,1680.0,1070.0,61590.0,57.5607476635514,43.649893692416725
627,1466.0,1746.0,590.0,69370.0,117.57627118644068,47.31923601637108
628,1545.0,1888.0,600.0,67110.0,111.85,43.43689320388349
629,2044.0,2408.0,380.0,82020.0,215.8421052631579,40.12720156555773
630,1887.0,2264.0,830.0,62050.0,74.75903614457832,32.88288288288288
631,1505.0,1836.0,940.0,61730.0,65.67021276595744,41.01661129568107
632,1422.0,1722.0,560.0,58660.0,104.75,41.251758087201125
633,1564.0,1869.0,1030.0,53370.0,51.81553398058252,34.12404092071611
634,1510.0,1810.0,730.0,39700.0,54.38356164383562,26.29139072847682
635,1568.0,1920.0,890.0,53750.0,60.39325842696629,34.27933673469388
636,1933.0,2338.0,1140.0,44730.0,39.23684210526316,23.14019658561821
637,1501.0,1822.0,590.0,49350.0,83.64406779661017,32.87808127914724
638,1593.0,1911.0,580.0,43340.0,74.72413793103448,27.206528562460765
639,1812.0,2189.0,310.0,78090.0,251.90322580645162,43.09602649006622
640,1580.0,1895.0,720.0,54950.0,76.31944444444444,34.778481012658226
641,1440.0,1749.0,490.0,75530.0,154.14285714285714,52.451388888888886
642,1100.0,1331.0,1010.0,57330.0,56.76237623762376,52.11818181818182
643,1534.0,1841.0,680.0,87930.0,129.30882352941177,57.32073011734029
644,1299.0,1555.0,1020.0,56850.0,55.73529411764706,43.764434180138565
645,1767.0,2121.0,1050.0,78430.0,74.6952380952381,44.3859649122807
646,1368.0,1649.0,740.0,63660.0,86.02702702702703,46.53508771929825
647,1393.0,1670.0,410.0,62960.0,153.5609756097561,45.197415649676955
648,1327.0,1590.0,770.0,81870.0,106.32467532467533,61.69555388093444
649,1514.0,1794.0,1400.0,54820.0,39.15714285714286,36.20871862615588
650,1989.0,2414.0,860.0,116320.0,135.25581395348837,58.48164906988436
651,1334.0,1584.0,840.0,57200.0,68.0952380952381,42.87856071964018
652,1533.0,1817.0,950.0,84360.0,88.8,55.0293542074364
653,1809.0,2145.0,940.0,36530.0,38.861702127659576,20.1934770591487
654,1607.0,1933.0,930.0,81260.0,87.3763440860215,50.56627255756067
655,1165.0,1387.0,1060.0,82350.0,77.68867924528301,70.68669527896996
656,1193.0,1430.0,560.0,80830.0,144.33928571428572,67.75356244761106
657,1709.0,2065.0,670.0,30610.0,45.6865671641791,17.911059098888238
658,1525.0,1839.0,540.0,51310.0,95.01851851851852,33.64590163934426
659,1348.0,1623.0,1010.0,72940.0,72.21782178217822,54.10979228486647
660,1132.0,1366.0,1340.0,52450.0,39.14179104477612,46.3339222614841
661,1667.0,2020.0,980.0,66070.0,67.41836734693878,39.63407318536293
662,1427.0,1720.0,630.0,43190.0,68.55555555555556,30.266292922214436
663,1211.0,1447.0,1110.0,40730.0,36.693693693693696,33.63336085879438
664,1717.0,2048.0,700.0,78530.0,112.18571428571428,45.7367501456028
665,1766.0,2111.0,580.0,94690.0,163.25862068965517,53.618346545866366
666,1086.0,1299.0,1050.0,44400.0,42.285714285714285,40.88397790055249
667,1410.0,1692.0,790.0,73800.0,93.41772151898734,52.340425531914896
668,1476.0,1760.0,600.0,37390.0,62.31666666666667,25.331978319783197
669,1068.0,1278.0,440.0,64120.0,145.72727272727272,60.0374531835206
670,1485.0,1785.0,1340.0,66160.0,49.37313432835821,44.552188552188554
671,1461.0,1739.0,1250.0,22310.0,17.848,15.270362765229295
672,1685.0,2010.0,990.0,62380.0,63.01010101010101,37.02077151335312
673,1624.0,1958.0,290.0,63850.0,220.17241379310346,39.316502463054185
674,1658.0,2000.0,350.0,36210.0,103.45714285714286,21.83956574185766
675,1427.0,1677.0,210.0,54590.0,259.95238095238096,38.25508058864751
676,1755.0,2072.0,810.0,69610.0,85.93827160493827,39.66381766381766
677,1211.0,1472.0,790.0,65390.0,82.77215189873418,53.99669694467382
678,1591.0,1896.0,780.0,78130.0,100.16666666666667,49.10747957259585
679,1797.0,2126.0,730.0,55710.0,76.31506849315069,31.001669449081803
680,1519.0,1823.0,1040.0,69210.0,66.54807692307692,45.56287030941409
681,1637.0,1958.0,760.0,59940.0,78.86842105263158,36.615760537568725
682,1451.0,1750.0,570.0,72550.0,127.28070175438596,50.0
683,1203.0,1446.0,620.0,44260.0,71.38709677419355,36.791354945968415
684,1884.0,2262.0,310.0,56910.0,183.58064516129033,30.20700636942675
685,1540.0,1820.0,310.0,82390.0,265.7741935483871,53.5
686,1121.0,1332.0,790.0,54590.0,69.10126582278481,48.697591436217664
687,1307.0,1562.0,490.0,69990.0,142.83673469387756,53.550114766641165
688,1475.0,1775.0,230.0,72740.0,316.2608695652174,49.31525423728814
689,1160.0,1401.0,900.0,35360.0,39.28888888888889,30.482758620689655
690,1078.0,1276.0,640.0,94370.0,147.453125,87.5417439703154
691,1191.0,1436.0,840.0,43520.0,51.80952380952381,36.54072208228379
692,1317.0,1569.0,780.0,36000.0,46.15384615384615,27.33485193621868
693,1548.0,1858.0,480.0,99480.0,207.25,64.26356589147287
694,1560.0,1883.0,1040.0,83220.0,80.01923076923077,53.34615384615385
695,1297.0,1529.0,870.0,52940.0,60.85057471264368,40.817270624518116
696,1645.0,1958.0,530.0,93360.0,176.1509433962264,56.753799392097264
697,1225.0,1455.0,750.0,73590.0,98.12,60.073469387755104
698,1421.0,1704.0,840.0,53840.0,64.0952380952381,37.88881069669247
699,1655.0,1956.0,800.0,47350.0,59.1875,28.610271903323262
700,1615.0,1928.0,660.0,65080.0,98.60606060606061,40.297213622291025
701,1872.0,2262.0,560.0,62050.0,110.80357142857143,33.14636752136752
702,1317.0,1581.0,910.0,30020.0,32.989010989010985,22.794229309035686
703,1434.0,1729.0,480.0,49510.0,103.14583333333333,34.525801952580196
704,1791.0,2167.0,700.0,64320.0,91.88571428571429,35.91289782244556
705,932.0,1120.0,660.0,35590.0,53.92424242424242,38.18669527896996
706,1609.0,1924.0,1170.0,63050.0,53.888888888888886,39.1858297078931
707,1495.0,1793.0,1020.0,65300.0,64.01960784313725,43.67892976588629
708,1769.0,2153.0,580.0,69560.0,119.93103448275862,39.32165065008479
709,1693.0,2032.0,610.0,41910.0,68.70491803278688,24.75487300649734
710,1247.0,1497.0,590.0,28330.0,48.016949152542374,22.718524458700884
711,1502.0,1815.0,190.0,55980.0,294.63157894736844,37.270306258322236
712,1360.0,1612.0,490.0,61080.0,124.65306122448979,44.911764705882355
713,1542.0,1844.0,680.0,51380.0,75.55882352941177,33.320363164721144
714,1631.0,1947.0,670.0,84410.0,125.98507462686567,51.75352544451257
715,1246.0,1482.0,1070.0,60680.0,56.71028037383178,48.69983948635634
716,1990.0,2384.0,1110.0,64690.0,58.27927927927928,32.50753768844221
717,967.0,1154.0,560.0,45780.0,81.75,47.34229576008273
718,1582.0,1894.0,1100.0,41800.0,38.0,26.422250316055624
719,1430.0,1743.0,970.0,53230.0,54.876288659793815,37.22377622377623
720,1827.0,2160.0,930.0,36160.0,38.88172043010753,19.792008757526
721,1118.0,1338.0,1040.0,40450.0,38.89423076923077,36.180679785330945
722,1766.0,2109.0,1120.0,57910.0,51.705357142857146,32.7916194790487
723,1799.0,2173.0,910.0,36280.0,39.86813186813187,20.16675931072818
724,1167.0,1411.0,440.0,39190.0,89.06818181818181,33.58183376178235
725,1493.0,1795.0,530.0,62380.0,117.69811320754717,41.78164768921634
726,1445.0,1734.0,900.0,21470.0,23.855555555555554,14.858131487889274
727,1033.0,1237.0,740.0,34610.0,46.770270270270274,33.50435624394966
728,1440.0,1711.0,1020.0,88120.0,86.3921568627451,61.19444444444444
729,1487.0,1773.0,970.0,59190.0,61.02061855670103,39.80497646267653
730,1854.0,2205.0,890.0,36290.0,40.7752808988764,19.573894282632146
731,1748.0,2086.0,550.0,53760.0,97.74545454545455,30.755148741418765
732,1937.0,2310.0,520.0,66300.0,127.5,34.22818791946309
733,1641.0,1999.0,950.0,93000.0,97.89473684210526,56.672760511883
734,1659.0,1999.0,650.0,65660.0,101.01538461538462,39.57805907172996
735,1743.0,2061.0,860.0,81930.0,95.26744186046511,47.00516351118761
736,1449.0,1733.0,320.0,60060.0,187.6875,41.44927536231884
737,1098.0,1309.0,860.0,59530.0,69.22093023255815,54.216757741347905
738,1121.0,1351.0,900.0,46380.0,51.53333333333333,41.37377341659233
739,1526.0,1858.0,550.0,76200.0,138.54545454545453,49.93446920052425
740,1358.0,1645.0,770.0,56860.0,73.84415584415585,41.87039764359352
741,1336.0,1616.0,710.0,86620.0,122.0,64.83532934131736
742,1502.0,1802.0,840.0,49730.0,59.20238095238095,33.10918774966711
743,1534.0,1858.0,860.0,88370.0,102.75581395348837,57.607561929595825
744,1418.0,1699.0,870.0,49160.0,56.50574712643678,34.66854724964739
745,854.0,1018.0,660.0,77740.0,117.78787878787878,91.0304449648712
746,1450.0,1728.0,930.0,38560.0,41.46236559139785,26.593103448275862
747,1474.0,1776.0,1020.0,51990.0,50.970588235294116,35.27137042062415
748,1524.0,1819.0,1190.0,39970.0,33.588235294117645,26.22703412073491
749,1361.0,1638.0,1140.0,46040.0,40.3859649122807,33.82806759735489
750,1398.0,1683.0,490.0,49500.0,101.0204081632653,35.407725321888414
751,1085.0,1308.0,1170.0,76670.0,65.52991452991454,70.66359447004608
752,1660.0,1979.0,480.0,75800.0,157.91666666666666,45.66265060240964
753,1648.0,2017.0,930.0,81720.0,87.87096774193549,49.5873786407767
754,1453.0,1749.0,890.0,58440.0,65.66292134831461,40.220233998623534
755,1323.0,1591.0,680.0,85720.0,126.05882352941177,64.79213907785336
756,1385.0,1643.0,740.0,70940.0,95.86486486486487,51.2202166064982
757,1250.0,1506.0,990.0,62420.0,63.05050505050505,49.936
758,1389.0,1683.0,680.0,56880.0,83.6470588235294,40.950323974082075
759,1486.0,1758.0,820.0,101820.0,124.17073170731707,68.51951547779274
760,1655.0,1993.0,440.0,86890.0,197.47727272727272,52.50151057401813
761,1645.0,1963.0,900.0,47300.0,52.55555555555556,28.753799392097264
762,1464.0,1771.0,1080.0,31270.0,28.953703703703702,21.35928961748634
763,1197.0,1428.0,830.0,65410.0,78.80722891566265,54.64494569757728
764,1878.0,2264.0,310.0,54200.0,174.83870967741936,28.8604898828541
765,1150.0,1378.0,730.0,67390.0,92.31506849315069,58.6
766,1562.0,1881.0,740.0,54530.0,73.6891891891892,34.91037131882202
767,1596.0,1939.0,960.0,79760.0,83.08333333333333,49.9749373433584
768,1119.0,1345.0,790.0,78060.0,98.81012658227849,69.75871313672923
769,1116.0,1347.0,700.0,74080.0,105.82857142857142,66.37992831541219
770,1934.0,2349.0,750.0,52990.0,70.65333333333334,27.399172699069286
771,1299.0,1540.0,590.0,70580.0,119.62711864406779,54.334103156274054
772,1417.0,1689.0,570.0,34310.0,60.19298245614035,24.213126323218066
773,1235.0,1503.0,660.0,74160.0,112.36363636363636,60.04858299595141
774,1497.0,1815.0,700.0,59190.0,84.55714285714286,39.53907815631263
775,1430.0,1704.0,1070.0,43370.0,40.532710280373834,30.32867132867133
776,1537.0,1877.0,660.0,17670.0,26.772727272727273,11.496421600520495
777,1444.0,1742.0,840.0,56710.0,67.51190476190476,39.272853185595565
778,1477.0,1798.0,850.0,59820.0,70.37647058823529,40.50101557210562
779,1041.0,1246.0,600.0,36190.0,60.31666666666667,34.764649375600385
780,1226.0,1472.0,710.0,60440.0,85.12676056338029,49.29853181076672
781,1489.0,1783.0,450.0,75300.0,167.33333333333334,50.57085292142377
782,1549.0,1871.0,740.0,74080.0,100.10810810810811,47.824402840542284
783,1073.0,1280.0,1240.0,60440.0,48.74193548387097,56.328052190121156
784,1473.0,1785.0,570.0,80720.0,141.6140350877193,54.79972844534963
785,2013.0,2396.0,580.0,47060.0,81.13793103448276,23.37804272230502
786,1975.0,2368.0,450.0,86830.0,192.95555555555555,43.96455696202532
787,1561.0,1877.0,790.0,56790.0,71.88607594936708,36.38052530429212
788,1427.0,1723.0,1040.0,67090.0,64.50961538461539,47.014716187806584
789,1441.0,1747.0,670.0,44370.0,66.22388059701493,30.7911172796669
790,1275.0,1548.0,370.0,82970.0,224.24324324324326,65.07450980392157
791,1574.0,1876.0,620.0,56230.0,90.69354838709677,35.72426937738246
792,1511.0,1791.0,1010.0,53760.0,53.227722772277225,35.57908669755129
793,1428.0,1713.0,550.0,55390.0,100.7090909090909,38.78851540616247
794,1388.0,1672.0,800.0,73500.0,91.875,52.95389048991355
795,1057.0,1280.0,610.0,41050.0,67.29508196721312,38.836329233680225
796,1440.0,1747.0,1090.0,67320.0,61.76146788990825,46.75
797,1349.0,1610.0,700.0,65890.0,94.12857142857143,48.84358784284655
798,1536.0,1808.0,830.0,56380.0,67.92771084337349,36.705729166666664
799,2019.0,2420.0,850.0,85670.0,100.78823529411764,42.431896978702326
800,1236.0,1508.0,1260.0,70830.0,56.214285714285715,57.30582524271845
801,1436.0,1715.0,1030.0,48180.0,46.77669902912621,33.551532033426184
802,1862.0,2248.0,1160.0,51910.0,44.75,27.878625134264233
803,1200.0,1442.0,880.0,44320.0,50.36363636363637,36.93333333333333
804,1360.0,1650.0,420.0,58940.0,140.33333333333334,43.338235294117645
805,1722.0,2078.0,770.0,73610.0,95.59740259740259,42.746806039488966
806,1577.0,1902.0,910.0,54060.0,59.40659340659341,34.280279010779964
807,1850.0,2214.0,1110.0,85000.0,76.57657657657657,45.945945945945944
808,1447.0,1730.0,510.0,49030.0,96.13725490196079,33.88389771941949
809,1496.0,1800.0,780.0,63300.0,81.15384615384616,42.31283422459893
810,1679.0,2008.0,790.0,84300.0,106.70886075949367,50.20845741512805
811,994.0,1194.0,1090.0,81390.0,74.6697247706422,81.88128772635815
812,1354.0,1635.0,1270.0,95900.0,75.51181102362204,70.8271787296898
813,1597.0,1918.0,1260.0,71830.0,57.007936507936506,44.97808390732624
814,1873.0,2252.0,330.0,79310.0,240.33333333333334,42.34383342231714
815,1218.0,1459.0,540.0,87890.0,162.75925925925927,72.15927750410509
816,1458.0,1746.0,720.0,48610.0,67.51388888888889,33.34019204389575
817,1546.0,1860.0,670.0,73160.0,109.19402985074628,47.32212160413972
818,1608.0,1962.0,770.0,36280.0,47.116883116883116,22.562189054726367
819,1822.0,2160.0,860.0,49720.0,57.81395348837209,27.288693743139408
820,1716.0,2038.0,410.0,44400.0,108.29268292682927,25.874125874125873
821,1072.0,1296.0,900.0,47590.0,52.87777777777778,44.39365671641791
822,1330.0,1604.0,480.0,51460.0,107.20833333333333,38.69172932330827
823,1588.0,1892.0,540.0,57750.0,106.94444444444444,36.36649874055416
824,1425.0,1733.0,760.0,66000.0,86.84210526315789,46.31578947368421
825,1778.0,2133.0,280.0,45950.0,164.10714285714286,25.843644544431946
826,1363.0,1630.0,1120.0,53900.0,48.125,39.54512105649303
827,1609.0,1928.0,160.0,37920.0,237.0,23.567433188315725
828,1671.0,2024.0,620.0,63100.0,101.7741935483871,37.76181926989826
829,1379.0,1636.0,440.0,36770.0,83.56818181818181,26.664249456127628
830,1218.0,1452.0,870.0,43910.0,50.47126436781609,36.050903119868636
831,1724.0,2101.0,900.0,66390.0,73.76666666666667,38.509280742459396
832,986.0,1179.0,710.0,59160.0,83.32394366197182,60.0
833,1330.0,1606.0,590.0,38510.0,65.27118644067797,28.954887218045112
834,1437.0,1725.0,910.0,46220.0,50.79120879120879,32.16423103688239
835,1327.0,1609.0,1320.0,41500.0,31.439393939393938,31.273549359457423
836,1651.0,2009.0,1000.0,58160.0,58.16,35.22713506965476
837,1211.0,1462.0,670.0,38530.0,57.507462686567166,31.81668042939719
838,1916.0,2277.0,610.0,55880.0,91.60655737704919,29.16492693110647
839,1638.0,1937.0,1050.0,70940.0,67.56190476190476,43.30891330891331
840,1172.0,1413.0,480.0,53940.0,112.375,46.02389078498293
841,1350.0,1606.0,770.0,43030.0,55.883116883116884,31.874074074074073
842,1528.0,1843.0,340.0,59820.0,175.94117647058823,39.14921465968586
843,1305.0,1557.0,580.0,55500.0,95.6896551724138,42.52873563218391
844,1463.0,1751.0,900.0,49990.0,55.544444444444444,34.169514695830486
845,1409.0,1727.0,700.0,42980.0,61.4,30.503903477643718
846,1419.0,1743.0,860.0,65970.0,76.70930232558139,46.49048625792812
847,1535.0,1819.0,540.0,59290.0,109.79629629629629,38.62540716612378
848,1474.0,1745.0,970.0,63020.0,64.96907216494846,42.75440976933514
849,919.0,1099.0,1560.0,73810.0,47.31410256410256,80.31556039173014
850,2067.0,2492.0,790.0,70230.0,88.89873417721519,33.97677793904209
851,1977.0,2362.0,1020.0,59950.0,58.77450980392157,30.32372281234193
852,1293.0,1558.0,790.0,78100.0,98.86075949367088,60.40216550657386
853,1477.0,1790.0,880.0,16370.0,18.602272727272727,11.083276912660798
854,1582.0,1906.0,550.0,92640.0,168.43636363636364,58.558786346396964
855,1481.0,1789.0,550.0,63540.0,115.52727272727273,42.90344361917623
856,1214.0,1455.0,950.0,87220.0,91.81052631578947,71.84514003294893
857,1206.0,1460.0,810.0,41990.0,51.839506172839506,34.817578772802655
858,1653.0,1982.0,390.0,79410.0,203.6153846153846,48.039927404718696
859,1152.0,1393.0,860.0,54380.0,63.23255813953488,47.204861111111114
860,1458.0,1757.0,850.0,58600.0,68.94117647058823,40.1920438957476
861,1249.0,1510.0,660.0,48950.0,74.16666666666667,39.19135308246597
862,1939.0,2333.0,830.0,40670.0,49.0,20.974729241877256
863,1591.0,1919.0,640.0,52340.0,81.78125,32.8975487115022
864,1180.0,1397.0,750.0,39140.0,52.18666666666667,33.16949152542373
865,1846.0,2195.0,1170.0,41090.0,35.11965811965812,22.258938244853738
866,780.0,951.0,790.0,25600.0,32.40506329113924,32.82051282051282
867,1565.0,1854.0,900.0,100900.0,112.11111111111111,64.47284345047923
868,1648.0,1959.0,370.0,77080.0,208.32432432432432,46.771844660194176
869,1775.0,2104.0,980.0,105150.0,107.29591836734694,59.23943661971831
870,1439.0,1732.0,1170.0,80580.0,68.87179487179488,55.997220291869354
871,1487.0,1776.0,800.0,46230.0,57.7875,31.08944182918628
872,1800.0,2158.0,1100.0,98260.0,89.32727272727273,54.58888888888889
873,1690.0,2024.0,1070.0,75930.0,70.96261682242991,44.928994082840234
874,1209.0,1452.0,830.0,52050.0,62.71084337349398,43.05210918114144
875,1859.0,2222.0,1210.0,87000.0,71.90082644628099,46.799354491662186
876,1691.0,2023.0,540.0,60270.0,111.61111111111111,35.64163217031342
877,1259.0,1493.0,100.0,88270.0,882.7,70.11119936457506
878,1771.0,2138.0,820.0,57820.0,70.51219512195122,32.648221343873516
879,1205.0,1468.0,1210.0,61210.0,50.586776859504134,50.79668049792531
880,1792.0,2131.0,810.0,76420.0,94.34567901234568,42.645089285714285
881,1263.0,1516.0,780.0,70980.0,91.0,56.19952494061758
882,1344.0,1605.0,1160.0,76740.0,66.15517241379311,57.098214285714285
883,1819.0,2187.0,590.0,47920.0,81.22033898305085,26.34414513468939
884,1357.0,1625.0,1140.0,52160.0,45.75438596491228,38.43773028739867
885,1396.0,1673.0,690.0,32740.0,47.44927536231884,23.45272206303725
886,1118.0,1337.0,560.0,72270.0,129.05357142857142,64.6422182468694
887,1655.0,1986.0,1150.0,77430.0,67.33043478260869,46.78549848942598
888,1156.0,1398.0,140.0,92370.0,659.7857142857143,79.90484429065744
889,1451.0,1734.0,670.0,34880.0,52.059701492537314,24.038594073053066
890,1539.0,1829.0,650.0,46580.0,71.66153846153846,30.26640675763483
891,1549.0,1851.0,1220.0,70620.0,57.885245901639344,45.590703679793414
892,1582.0,1910.0,1080.0,66390.0,61.47222222222222,41.96586599241466
893,1387.0,1663.0,850.0,82080.0,96.56470588235294,59.178082191780824
894,1200.0,1436.0,1060.0,76440.0,72.11320754716981,63.7
895,1299.0,1560.0,770.0,96610.0,125.46753246753246,74.37259430331024
896,1174.0,1429.0,1110.0,54340.0,48.95495495495496,46.28620102214651
